CoilID,xgb,xgb_d2,lgbm,extra_trees,random_forest,model_avg,model_rank,nearest_train_positive,nearest_positive_distance,continuity_guard,guard_reason,context_score,hybrid_score,Y
654,0.9362085,0.91197306,0.9008058992562881,0.595,0.568,0.7823974889981387,1.0,655,1,1,near_pos=655;d=1;continuity=1,0.8187307530779818,0.9315213341828176,1
958,0.8590562,0.6971608,0.7448644886549508,0.4,0.281,0.5964162887679775,3.0,957,1,1,near_pos=957;d=1;continuity=1,0.8187307530779818,0.7455401339526564,1
1111,0.64714617,0.79397386,0.5335897732852227,0.328,0.38,0.5365419603562022,4.0,1110,1,1,near_pos=1110;d=1;continuity=1,0.8187307530779818,0.6856658055408811,1
822,0.67671347,0.51111645,0.6708550103352058,0.316,0.382,0.5113369844088076,7.0,823,1,1,near_pos=823;d=1;continuity=1,0.8187307530779818,0.6604608295934865,1
776,0.62422174,0.63796693,0.4138363986498295,0.194,0.168,0.40760501433384777,10.0,778,2,1,near_pos=778;d=2;continuity=1,0.6703200460356393,0.5478242170959862,1
1184,0.6591191,0.6766905,0.34299742968185987,0.178,0.07,0.38536141554376335,14.0,1182,2,1,near_pos=1182;d=2;continuity=1,0.6703200460356393,0.5255806183059017,1
994,0.45929268,0.47816536,0.1753922317653453,0.103,0.114,0.2659700540190847,19.0,995,1,1,near_pos=995;d=1;continuity=1,0.8187307530779818,0.4150938992037636,1
996,0.36518073,0.46236706,0.09828865402634489,0.123,0.239,0.257567288529268,22.0,995,1,1,near_pos=995;d=1;continuity=1,0.8187307530779818,0.40669113371394694,1
376,0.2968652,0.19694602,0.23441797604203768,0.31,0.233,0.25424583919453736,23.0,377,1,1,near_pos=377;d=1;continuity=1,0.8187307530779818,0.4033696843792163,1
1494,0.09986091,0.052253082,0.07436076913800084,0.143,0.086,0.09109495162671058,48.0,1495,1,1,near_pos=1495;d=1;continuity=1,0.8187307530779818,0.2402187968113895,1
622,0.03661089,0.0779564,0.026389982283277328,0.061,0.045,0.0493914546549644,67.0,624,2,1,near_pos=624;d=2;continuity=1,0.6703200460356393,0.18961065741710276,1
797,0.011675373,0.060348947,0.013905380401501664,0.124,0.036,0.04918593994448376,68.0,796,1,1,near_pos=796;d=1;continuity=1,0.8187307530779818,0.19830978512916267,1
711,0.0067726434,0.009029901,0.005279819826134731,0.033,0.021,0.015016472780426084,124.0,709,2,1,near_pos=709;d=2;continuity=1,0.6703200460356393,0.15523567554256446,1
532,0.91549486,0.90039605,0.8544027245539251,0.341,0.312,0.6646587265590395,2.0,531,1,0,,0.8187307530779818,0.7137825717437184,1
246,0.7064164,0.7123793,0.34332032670369783,0.227,0.589,0.5156232063090623,5.0,258,12,0,,0.09071795328941251,0.521066283506427,1
1183,0.8697079,0.83083403,0.6342236394039815,0.108,0.116,0.5117531105826701,6.0,1182,1,0,,0.8187307530779818,0.5608769557673491,1
694,0.5654066,0.68289924,0.30422188552203605,0.329,0.377,0.451705548540717,8.0,688,6,0,,0.30119421191220214,0.4697772012554491,1
297,0.4796571,0.5096456,0.6661904381266635,0.231,0.154,0.40809862658483587,9.0,296,1,0,,0.8187307530779818,0.4572224717695148,1
829,0.68862045,0.54627126,0.3684120930998034,0.212,0.212,0.4054607611530723,11.0,823,6,0,,0.30119421191220214,0.4235324138678044,1
1187,0.53008646,0.6315159,0.4092115700726145,0.247,0.166,0.39676278959283096,12.0,1182,5,0,,0.36787944117144233,0.4188355560631175,1
759,0.47596952,0.35175964,0.48116132328184713,0.243,0.408,0.39197809776717873,13.0,758,1,0,,0.8187307530779818,0.4411019429518577,1
274,0.4512101,0.5750264,0.211160970893526,0.289,0.31,0.3672794950419712,15.0,258,16,0,,0.04076220397836621,0.3697252272806732,1
1137,0.3850453,0.526053,0.2771141049027164,0.227,0.157,0.3144424812626783,16.0,1153,16,0,,0.04076220397836621,0.3168882135013803,1
835,0.48727146,0.42205474,0.05826226983835201,0.14,0.28,0.277517693111042,17.0,837,2,0,,0.6703200460356393,0.3177368958731804,1
803,0.27132663,0.29443917,0.5970460907458782,0.094,0.082,0.26776237776755335,18.0,796,7,0,,0.2465969639416065,0.2825581956040497,0
1138,0.40058658,0.5235424,0.10764026453503016,0.128,0.166,0.26515384879590675,20.0,1153,15,0,,0.049787068367863944,0.2681410728979786,0
1097,0.30894226,0.4853066,0.2397138068623223,0.116,0.143,0.2585925312031682,21.0,1110,13,0,,0.07427357821433388,0.26304894589602823,0
1346,0.29055998,0.42925432,0.2032490903125118,0.195,0.109,0.24541267816992424,24.0,1436,90,0,,1.522997974471263e-08,0.24541267908372302,0
1073,0.40993348,0.47230515,0.051959118609828374,0.104,0.165,0.24063954901798618,25.0,1080,7,0,,0.2465969639416065,0.25543536685448254,0
730,0.24814597,0.2864155,0.08717742720469572,0.216,0.333,0.2341477764908964,26.0,722,8,0,,0.20189651799465538,0.24626156757057574,0
282,0.17305732,0.43202198,0.14882366197201338,0.135,0.193,0.21638059104461022,27.0,296,14,0,,0.06081006262521797,0.2200291948021233,0
691,0.15455501,0.30472347,0.06013258191740282,0.208,0.328,0.21108221222717716,28.0,688,3,0,,0.5488116360940265,0.24401091039281875,0
806,0.18327121,0.21248247,0.4382449617935332,0.073,0.074,0.19619972869064634,29.0,814,8,0,,0.20189651799465538,0.20831351977032567,0
121,0.15395173,0.20202745,0.05135889617050455,0.171,0.282,0.17206761708943996,30.0,126,5,0,,0.36787944117144233,0.19414038355972651,0
826,0.15368992,0.2909827,0.047264030432493546,0.187,0.096,0.15498732895370146,31.0,823,3,0,,0.5488116360940265,0.18791602711934305,0
1100,0.13610901,0.325181,0.07196938488982073,0.126,0.115,0.15485188033203673,32.0,1110,10,0,,0.1353352832366127,0.1629719973262335,0
112,0.0481885,0.15009627,0.1104403674170108,0.334,0.12,0.15254502699702444,33.0,126,14,0,,0.06081006262521797,0.15619363075453752,0
500,0.19998905,0.2881908,0.07401647603354046,0.067,0.125,0.15083926770655548,34.0,518,18,0,,0.02732372244729256,0.15247869105339304,0
940,0.1439675,0.3367043,0.0100480008214615,0.071,0.149,0.14214396178901,35.0,957,17,0,,0.03337326996032608,0.1441463579866296,0
302,0.19423357,0.22535942,0.02664073765660474,0.119,0.13,0.13904674582557905,36.0,296,6,0,,0.30119421191220214,0.15711839854031118,0
22,0.124161586,0.40237734,0.010100050312456733,0.05,0.108,0.13892779473904318,37.0,69,47,0,,8.272406555663223e-05,0.13893275818297657,0
1091,0.12961166,0.2962883,0.09656776293013243,0.072,0.061,0.13109354609627277,38.0,1083,8,0,,0.20189651799465538,0.1432073371759521,0
883,0.25862,0.19141032,0.04556035805747531,0.046,0.059,0.12011813399991515,39.0,913,30,0,,0.0024787521766663585,0.12026685913051513,0
162,0.12010126,0.29198462,0.01850847321410645,0.088,0.077,0.11911886981658074,40.0,126,36,0,,0.0007465858083766792,0.11916366496508334,0
933,0.11678668,0.1884039,0.08786228189418566,0.131,0.07,0.11881057348956636,41.0,913,20,0,,0.01831563888873418,0.11990951182289042,0
1189,0.08738451,0.14125858,0.1168022218341522,0.131,0.11,0.11728906227340088,42.0,1182,7,0,,0.2465969639416065,0.13208488010989727,0
96,0.1611245,0.21073037,0.017438155793145352,0.057,0.122,0.11365860546092095,43.0,87,9,0,,0.16529888822158653,0.12357653875421615,0
358,0.106010005,0.26547837,0.02539147159182961,0.047,0.076,0.10397596980874524,44.0,357,1,0,,0.8187307530779818,0.15309981499342415,0
859,0.07681101,0.24863952,0.013203954416932716,0.09,0.05,0.09573089731105608,45.0,837,22,0,,0.012277339903068436,0.09646753770524019,0
902,0.11362864,0.14411582,0.020402685000490372,0.11,0.087,0.09502942925969585,46.0,913,11,0,,0.11080315836233387,0.10167761876143588,0
972,0.039938327,0.1265165,0.03096758619263859,0.182,0.083,0.09248448383870739,47.0,957,15,0,,0.049787068367863944,0.09547170794077922,0
1179,0.065718696,0.112832755,0.017783898573578847,0.144,0.081,0.08426706978906422,49.0,1181,2,0,,0.6703200460356393,0.12448627255120256,0
14,0.06814354,0.21953118,0.010567461801190255,0.047,0.065,0.08204843588126084,50.0,69,55,0,,1.670170079024566e-05,0.08204943798330826,0
1491,0.054074652,0.25665876,0.014848373165454854,0.029,0.049,0.08071635767037201,51.0,1495,4,0,,0.44932896411722156,0.1076760955174053,0
239,0.062141653,0.1960849,0.008225769042275023,0.052,0.08,0.07969046477661564,52.0,258,19,0,,0.0223707718561656,0.08103271108798557,0
153,0.060356673,0.17642595,0.06700932548645604,0.036,0.055,0.07895838941574786,53.0,126,27,0,,0.004516580942612666,0.07922938427230462,0
804,0.078315206,0.15299654,0.035363542647208014,0.074,0.044,0.0769350577177694,54.0,796,8,0,,0.20189651799465538,0.08904884879744872,0
857,0.06605216,0.109672315,0.026578809474028794,0.069,0.111,0.07646065720997605,55.0,837,20,0,,0.01831563888873418,0.07755959554330011,0
1025,0.048850887,0.11185252,0.015535628672581918,0.109,0.084,0.07384780688209178,56.0,1015,10,0,,0.1353352832366127,0.08196792387628854,0
54,0.08121852,0.07305688,0.025088461999181147,0.106,0.071,0.07127277139506404,57.0,69,15,0,,0.049787068367863944,0.07425999549713587,0
631,0.05664073,0.06660041,0.015614206557755311,0.156,0.058,0.07057106959924789,58.0,624,7,0,,0.2465969639416065,0.08536688743574428,0
943,0.054238502,0.18216184,0.004274510358321087,0.036,0.075,0.07033497002215136,59.0,957,14,0,,0.06081006262521797,0.07398357377966444,0
403,0.049584076,0.14523259,0.022948170073046156,0.052,0.047,0.06335296678686417,60.0,377,26,0,,0.0055165644207607716,0.06368396065210981,0
275,0.020561745,0.04786795,0.03529493818511436,0.121,0.079,0.06074492672548666,61.0,258,17,0,,0.03337326996032608,0.06274732292310622,0
1063,0.041746013,0.13705726,0.013530371390105815,0.045,0.048,0.0570667287870887,62.0,1080,17,0,,0.03337326996032608,0.05906912498470826,0
160,0.034710076,0.11043534,0.01739447481031704,0.079,0.043,0.05690797746895847,63.0,126,34,0,,0.0011137751478448032,0.056974803977829155,0
528,0.06717118,0.124922484,0.009739040336788669,0.032,0.029,0.05256654065088053,64.0,530,2,0,,0.6703200460356393,0.09278574341301889,0
856,0.022703836,0.0690169,0.012218372504690603,0.116,0.04,0.05198782237684315,65.0,837,19,0,,0.0223707718561656,0.053330068688213085,0
217,0.023190448,0.09359632,0.004066367341408726,0.044,0.087,0.05037062645521355,66.0,258,41,0,,0.00027465356997214254,0.050387105669411875,0
462,0.010638549,0.048069894,0.00419883800717703,0.109,0.069,0.0481814562627127,69.0,453,9,0,,0.16529888822158653,0.058099389556007894,0
1019,0.030847529,0.10556041,0.00532937364284003,0.059,0.039,0.047947461926944664,70.0,1015,4,0,,0.44932896411722156,0.07490719977397796,0
1022,0.040394686,0.09271507,0.031826615095631804,0.025,0.046,0.04718727418194145,71.0,1015,7,0,,0.2465969639416065,0.06198309201843784,0
511,0.024683531,0.08857915,0.0042767358384722355,0.061,0.057,0.04710788305326688,72.0,518,7,0,,0.2465969639416065,0.06190370088976327,0
1023,0.021801291,0.08363281,0.004016171497164144,0.052,0.07,0.046290054886948664,73.0,1015,8,0,,0.20189651799465538,0.05840384596662799,0
1170,0.050918557,0.07657556,0.017791775663199637,0.039,0.045,0.04585717895418458,74.0,1181,11,0,,0.11080315836233387,0.05250536845592461,0
21,0.01964209,0.09552652,0.006975580265854941,0.039,0.06,0.04422883742565615,75.0,69,48,0,,6.77287364908539e-05,0.0442329011498456,0
176,0.01976791,0.03968531,0.0044520232192587035,0.122,0.034,0.04398104847891949,76.0,126,50,0,,4.5399929762484854e-05,0.04398377247470524,0
1024,0.027496977,0.06675169,0.009543252616753681,0.05,0.055,0.04175838362269213,77.0,1015,9,0,,0.16529888822158653,0.05167631691598732,0
161,0.021042278,0.07147912,0.006577031539490075,0.072,0.037,0.04161968578728244,78.0,126,35,0,,0.0009118819655545162,0.04167439870521571,0
156,0.027302677,0.07704751,0.012988089784149793,0.054,0.035,0.041267655706239637,79.0,126,30,0,,0.0024787521766663585,0.04141638083683962,0
841,0.038758103,0.1034143,0.003462475269057102,0.017,0.042,0.04092697503547226,80.0,837,4,0,,0.44932896411722156,0.06788671288250556,0
582,0.010299309,0.022751637,0.003640309126317372,0.107,0.052,0.039138251017260525,81.0,581,1,0,,0.8187307530779818,0.08826209620193944,0
781,0.016890818,0.062482286,0.0048480884779945384,0.069,0.04,0.03864423859515698,82.0,778,3,0,,0.5488116360940265,0.07157293676079857,0
35,0.03123047,0.081426315,0.008142672569394532,0.027,0.036,0.03675989154891977,83.0,69,34,0,,0.0011137751478448032,0.036826718057790454,0
215,0.016170265,0.03977171,0.006991394367765209,0.068,0.051,0.036386673822393176,84.0,258,43,0,,0.0001841057936675792,0.03639772017001323,0
1087,0.023222232,0.06393084,0.009861569950249402,0.038,0.045,0.03600292829757266,85.0,1083,4,0,,0.44932896411722156,0.06296266614460595,0
962,0.02086078,0.09739566,0.011438046878855366,0.02,0.025,0.03493889708047726,86.0,957,5,0,,0.36787944117144233,0.0570116635507638,0
144,0.017215908,0.050565023,0.005664361735055435,0.044,0.056,0.034689058456792356,87.0,126,18,0,,0.02732372244729256,0.03632848180362991,0
802,0.0022128294,0.015419434,0.0004915303380665902,0.09,0.055,0.032624758716998055,88.0,796,6,0,,0.30119421191220214,0.05069641143173018,0
1216,0.024556978,0.059405662,0.0022204510267419815,0.025,0.049,0.03203661816409912,89.0,1182,34,0,,0.0011137751478448032,0.03210344467296981,0
65,0.010217013,0.009397418,0.003915699981980144,0.061,0.075,0.03190602621154638,90.0,69,4,0,,0.44932896411722156,0.05886576405857967,0
1492,0.011484339,0.06648965,0.003478835205956293,0.05,0.017,0.02969056518141906,91.0,1495,3,0,,0.5488116360940265,0.06261926334706065,0
404,0.0064233355,0.01617192,0.009449809922579117,0.062,0.041,0.02700901292538706,92.0,377,27,0,,0.004516580942612666,0.02728000778194382,0
1088,0.039986543,0.03645209,0.006372952123092919,0.029,0.018,0.025962316797098973,93.0,1083,5,0,,0.36787944117144233,0.04803508326738551,0
1027,0.006597924,0.041336346,0.0010717647481437063,0.036,0.044,0.025801207042405516,94.0,1015,12,0,,0.09071795328941251,0.031244284239770267,0
197,0.01736532,0.04564944,0.004842697337201218,0.028,0.033,0.02577149121759951,95.0,258,61,0,,5.030455607111448e-06,0.025771793044935935,0
1355,0.021517763,0.056785356,0.0038801689127259315,0.025,0.021,0.025636657616082286,96.0,1436,81,0,,9.213600834566135e-08,0.02563666314424279,0
836,0.026337067,0.056172807,0.005301436193175411,0.024,0.015,0.025362261925615324,97.0,837,1,0,,0.8187307530779818,0.07448610711029424,0
946,0.026076226,0.07702558,0.003633729916338813,0.009,0.006,0.024347106581235865,98.0,957,11,0,,0.11080315836233387,0.030995296082975896,0
264,0.025070714,0.043154374,0.004872811214154892,0.027,0.02,0.024019579762424217,99.0,258,6,0,,0.30119421191220214,0.04209123247715635,0
1520,0.014463111,0.044899322,0.003094596816089587,0.02,0.036,0.023691405947106448,100.0,1499,21,0,,0.014995576820477703,0.02459114055633511,0
961,0.017118966,0.06229095,0.01177487726920319,0.01,0.016,0.023436959017144585,101.0,957,4,0,,0.44932896411722156,0.05039669686417787,0
422,0.021081047,0.031141514,0.013564491662880727,0.021,0.03,0.02335741055081307,102.0,453,31,0,,0.002029430636295734,0.023479176388990816,0
397,0.011923036,0.019381521,0.005778769714397419,0.048,0.03,0.023016665318163678,103.0,377,20,0,,0.01831563888873418,0.024115603651487728,0
344,0.007183044,0.023812762,0.0010543199347154636,0.046,0.036,0.022810025136504496,104.0,357,13,0,,0.07427357821433388,0.02726643982936453,0
507,0.0069931876,0.026846025,0.0029668845694997455,0.039,0.034,0.021961219460005333,105.0,518,11,0,,0.11080315836233387,0.028609408961745367,0
1498,0.018599516,0.028593805,0.008791684522834001,0.023,0.025,0.020797000998180427,106.0,1499,1,0,,0.8187307530779818,0.06992084618285933,0
1028,0.007851602,0.05099868,0.0008145032805732081,0.021,0.023,0.020732957030485694,107.0,1015,13,0,,0.07427357821433388,0.025189371723345726,0
1085,0.0062131668,0.039074816,0.00411118706915111,0.017,0.036,0.020479833925969065,108.0,1083,2,0,,0.6703200460356393,0.060699036688107416,0
1526,0.021293506,0.05751054,0.0019493269481293712,0.008,0.013,0.0203506745727466,109.0,1499,27,0,,0.004516580942612666,0.02062166942930336,0
1295,0.0102357,0.018497562,0.0047613163564269,0.015,0.053,0.020298915643466798,110.0,1182,113,0,,1.5308925478794762e-10,0.020298915652652152,0
735,0.018240752,0.03357574,0.0028973789631299824,0.014,0.026,0.01894277407465324,111.0,722,13,0,,0.07427357821433388,0.023399188767513273,0
732,0.028853046,0.051382836,0.003958940111885446,0.005,0.001,0.018038964368559913,112.0,722,10,0,,0.1353352832366127,0.026159081362756673,0
459,0.00723661,0.014063171,0.0028777807975344876,0.02,0.045,0.01783551241506205,113.0,453,6,0,,0.30119421191220214,0.03590716512979418,0
693,0.014591584,0.015795862,0.0024963252323512227,0.02,0.036,0.01777675430332907,114.0,688,5,0,,0.36787944117144233,0.03984952077361561,0
586,0.010603519,0.019817986,0.005856098767333577,0.025,0.025,0.017255520703636278,115.0,588,2,0,,0.6703200460356393,0.05747472346577463,0
1304,0.011860345,0.039284017,0.0018201948406838487,0.012,0.017,0.016392911267331105,116.0,1182,122,0,,2.5305483615119005e-11,0.016392911268849435,0
919,0.0042741643,0.018905196,0.0037118962389950725,0.026,0.027,0.015978251380875205,117.0,913,6,0,,0.30119421191220214,0.03404990409560733,0
941,0.003063376,0.022470556,0.0008746080256076169,0.023,0.03,0.015881708057355316,118.0,957,16,0,,0.04076220397836621,0.01832744029605729,0
481,0.008758949,0.03764887,0.0016943347544836078,0.012,0.019,0.01582043108227585,119.0,473,8,0,,0.20189651799465538,0.027934222161955173,0
917,0.0022891632,0.019937465,0.0006409165246427329,0.034,0.022,0.015773508934714204,120.0,913,4,0,,0.44932896411722156,0.042733246781747496,0
867,0.00392323,0.013197331,0.004737779923546896,0.036,0.021,0.015771668110940572,121.0,837,30,0,,0.0024787521766663585,0.015920393241540553,0
421,0.005807918,0.012568049,0.0018850585458115698,0.023,0.034,0.015452205141880832,122.0,453,32,0,,0.001661557273173934,0.015551898578271267,0
485,0.011149101,0.04590175,0.005074705250127295,0.011,0.004,0.015425111098500723,123.0,473,12,0,,0.09071795328941251,0.020868188295865474,0
1374,0.01193725,0.034290228,0.0009378914888109969,0.013,0.008,0.013633073982207103,125.0,1436,62,0,,4.118588707535708e-06,0.013633321097529554,0
853,0.0033280868,0.021425495,0.0003306150937291341,0.015,0.024,0.01281683936524813,126.0,837,16,0,,0.04076220397836621,0.015262571603950103,0
240,0.014245823,0.025479406,0.0019306972529228414,0.006,0.016,0.012731185279403845,127.0,258,18,0,,0.02732372244729256,0.014370608626241399,0
477,0.012272559,0.026903471,0.003458191363000725,0.005,0.015,0.0125268442894983,128.0,473,4,0,,0.44932896411722156,0.03948658213653159,0
877,0.002918456,0.010316223,0.000997931859455192,0.026,0.022,0.012446522149629729,129.0,913,36,0,,0.0007465858083766792,0.01249131729813233,0
923,0.0015768214,0.018230472,0.00021171111785610704,0.015,0.026,0.012203800862812975,130.0,913,10,0,,0.1353352832366127,0.020323917857009738,0
207,0.0026630536,0.012803863,0.0004161286714403094,0.014,0.028,0.0115766090092605,131.0,258,51,0,,3.7170318684126734e-05,0.011578839228381549,0
537,0.009622563,0.023716405,0.0010733831285216217,0.011,0.012,0.011482470167851005,132.0,541,4,0,,0.44932896411722156,0.038442208014884294,0
1274,0.004540479,0.012440482,0.0017315539215207161,0.015,0.023,0.011342502977335455,133.0,1182,92,0,,1.0208960723597638e-08,0.011342503589873099,0
171,0.0060092327,0.012207851,0.0028641037565960933,0.014,0.021,0.011216237457791855,134.0,126,45,0,,0.00012340980408667956,0.011223642046037057,0
1161,0.0074771764,0.031845517,0.0023948061005527863,0.008,0.005,0.010943499986554287,135.0,1153,8,0,,0.20189651799465538,0.02305729106623361,0
1264,0.0044638957,0.026568556,0.0006222123295809034,0.01,0.012,0.010730932844743038,136.0,1182,82,0,,7.543458349844258e-08,0.010730937370818048,0
1263,0.009859706,0.022819605,0.0008391524688789385,0.004,0.016,0.010703692693737926,137.0,1182,81,0,,9.213600834566135e-08,0.010703698221898426,0
140,0.0051298677,0.013777348,0.00210978434750702,0.014,0.018,0.01060340005188041,138.0,126,14,0,,0.06081006262521797,0.014252003809393489,0
866,0.002547348,0.004942568,0.0008490458990099199,0.021,0.022,0.01026779236723904,139.0,837,29,0,,0.0030275547453758153,0.01044944565196159,0
670,0.015074505,0.025324544,0.0015253211451139465,0.003,0.006,0.010184873924505043,140.0,655,15,0,,0.049787068367863944,0.01317209802657688,0
331,0.0032654544,0.012919944,0.003808643855243213,0.016,0.014,0.009998808413761712,141.0,357,26,0,,0.0055165644207607716,0.010329802279007358,0
292,0.0052731186,0.015812863,0.0019014043798489925,0.008,0.017,0.009597477131892115,142.0,296,4,0,,0.44932896411722156,0.036557214978925404,0
897,0.0031693864,0.0065830075,0.0007648115396658616,0.018,0.019,0.009503441094535789,143.0,913,16,0,,0.04076220397836621,0.01194917333323776,0
934,0.003235862,0.0044493047,0.002766149594921305,0.016,0.021,0.009490263229144303,144.0,913,21,0,,0.014995576820477703,0.010389997838372965,0
1210,0.004668055,0.0146871675,0.0008429704079708414,0.017,0.01,0.009439638598157584,145.0,1182,28,0,,0.003697863716482932,0.00966151042114656,0
770,0.0021804776,0.009280443,0.0006437142130933157,0.02,0.015,0.009420927001778323,146.0,763,7,0,,0.2465969639416065,0.024216744838274712,0
494,0.0053596497,0.011763726,0.00209356962787601,0.014,0.013,0.009243389129435007,147.0,473,21,0,,0.014995576820477703,0.010143123738663669,0
1251,0.0062119663,0.018894628,0.0015927911647801154,0.009,0.01,0.009139877026252838,148.0,1182,69,0,,1.0156314710024903e-06,0.009139937964141098,0
361,0.008866631,0.02507586,0.0014941637282748022,0.006,0.004,0.009087331095142741,149.0,360,1,0,,0.8187307530779818,0.058211176279821655,0
736,0.0024086644,0.003788744,0.002122240931063616,0.013,0.024,0.009063929894247596,150.0,722,14,0,,0.06081006262521797,0.012712533651760675,0
1260,0.012035491,0.017482573,0.0009509881743584896,0.007,0.007,0.008893810457165934,151.0,1182,78,0,,1.6788275299956632e-07,0.008893820530131115,0
9,0.0017608602,0.0058881063,0.00206332996541675,0.015,0.019,0.008742459294680588,152.0,69,60,0,,6.14421235332821e-06,0.008742827947421788,0
1434,0.005749467,0.011530579,0.0008828089277185307,0.015,0.009,0.00843257096489742,153.0,1436,2,0,,0.6703200460356393,0.048651773727035774,0
1145,0.0013969198,0.012561428,0.0007653734748784812,0.009,0.017,0.008144744333803139,154.0,1153,8,0,,0.20189651799465538,0.02025853541348246,0
1157,0.008591527,0.014329277,0.002312722830512348,0.003,0.012,0.008046705385752166,155.0,1153,4,0,,0.44932896411722156,0.035006443232785456,0
1090,0.0056960415,0.016151024,0.0023777033143894265,0.008,0.008,0.008044953770511476,156.0,1083,7,0,,0.2465969639416065,0.022840771607007863,0
1602,0.0033104916,0.009510853,0.003027089762128744,0.008,0.016,0.007969686930738362,157.0,1499,103,0,,1.1311850917716326e-09,0.007969686998609468,0
862,0.0006536853,0.0013802823,0.0004774436620117913,0.014,0.023,0.007902282260638807,158.0,837,25,0,,0.006737946999085467,0.008306559080583935,0
926,0.0052868705,0.0074431323,0.00164915055556851,0.011,0.014,0.007875830684897816,159.0,913,13,0,,0.07427357821433388,0.012332245377757848,0
1095,0.0048616556,0.006251275,0.004223209027767007,0.01,0.014,0.007867227949315273,160.0,1083,12,0,,0.09071795328941251,0.013310305146680024,0
1043,0.00097508106,0.0020776747,0.0019127748383752803,0.016,0.018,0.0077931061242443285,161.0,1015,28,0,,0.003697863716482932,0.008014977947233305,0
257,0.004804419,0.012352856,0.001192148937933111,0.004,0.016,0.007669884740392857,162.0,258,1,0,,0.8187307530779818,0.05679372992507177,0
1117,0.0059185154,0.007664598,0.0015936478278016093,0.008,0.014,0.007435352253436546,163.0,1110,7,0,,0.2465969639416065,0.022231170089932934,0
539,0.00437638,0.007030129,0.0006926974292264058,0.012,0.012,0.007219841233852817,164.0,541,2,0,,0.6703200460356393,0.04743904399599117,0
289,0.0027576892,0.005680219,0.0010243549500667704,0.013,0.012,0.006892452594359988,165.0,296,7,0,,0.2465969639416065,0.021688270430856377,0
491,0.0024632707,0.012514973,0.00047036004953382904,0.008,0.011,0.006889720757216808,166.0,473,18,0,,0.02732372244729256,0.008529144104054361,0
1318,0.0066031986,0.016271636,0.001427419447538553,0.009,0.001,0.006860450785833061,167.0,1436,118,0,,5.631838950074272e-11,0.006860450789212164,0
571,0.0051620835,0.020140128,0.0009977768075911718,0.003,0.004,0.00665999771232304,168.0,575,4,0,,0.44932896411722156,0.03361973555935633,0
685,0.0036672298,0.0063235536,0.0005023146361366612,0.015,0.007,0.006498619608884169,169.0,686,1,0,,0.8187307530779818,0.05562246479356308,0
1506,0.008604319,0.013165258,0.0015518640870156514,0.005,0.004,0.006464288158601575,170.0,1499,7,0,,0.2465969639416065,0.021260105995097964,0
1412,0.00026168162,0.00032781612,0.00020439881986140062,0.017,0.014,0.006358779311303316,171.0,1436,24,0,,0.00822974704902003,0.006852564134244518,0
27,0.0050841863,0.011702536,0.0018172188093887084,0.007,0.006,0.0063207881620154045,172.0,69,42,0,,0.0002248673241788482,0.006334280201466136,0
954,0.0036419183,0.006502264,0.0012514786070253327,0.016,0.004,0.006279132217579403,173.0,957,3,0,,0.5488116360940265,0.039207830383220996,0
229,0.0014219128,0.0017855477,0.0008385205851502663,0.008,0.019,0.0062091962193252135,174.0,258,29,0,,0.0030275547453758153,0.006390849504047762,0
1444,0.0046311887,0.011432126,0.0011648122041399733,0.01,0.003,0.006045625413337855,175.0,1436,8,0,,0.20189651799465538,0.018159416493017177,0
1040,0.0017827835,0.0022998925,0.0014304998860411985,0.012,0.012,0.005902635181857211,176.0,1015,25,0,,0.006737946999085467,0.006306912001802339,0
1215,0.0033094075,0.0077488795,0.00044255971351284064,0.013,0.005,0.00590016934201423,177.0,1182,33,0,,0.0013603680375478939,0.005981791424267103,0
1540,0.0036270614,0.013103672,0.0012572404749185786,0.004,0.007,0.005797594831277747,178.0,1499,41,0,,0.00027465356997214254,0.005814074045476075,0
212,0.001737051,0.0022447524,0.0011555148666417422,0.008,0.015,0.005627463635535355,179.0,258,46,0,,0.00010103940183709342,0.005633525999645581,0
1448,0.0052570407,0.01074852,0.0019108790996974138,0.007,0.003,0.00558328787795316,180.0,1436,12,0,,0.09071795328941251,0.011026365075317911,0
1417,0.0022425703,0.0019214445,0.0007448516844608494,0.017,0.006,0.005581773302197916,181.0,1436,19,0,,0.0223707718561656,0.006924019613567852,0
1150,0.00089281966,0.003395555,0.0009131919656374871,0.009,0.013,0.005440313340601649,182.0,1153,3,0,,0.5488116360940265,0.038369011506243236,0
1234,0.0015355964,0.0021700077,0.00043431345189887084,0.005,0.018,0.005427983514038777,183.0,1182,52,0,,3.0432483008403625e-05,0.005429809463019281,0
416,0.0010144076,0.0010544991,0.0009821445821173158,0.016,0.007,0.00521021025106951,184.0,453,37,0,,0.0006112527611295723,0.005246885416737284,0
1132,0.0035333503,0.006494629,0.0007289360923965833,0.007,0.007,0.0049513831185976675,185.0,1153,21,0,,0.014995576820477703,0.00585111772782633,0
132,0.0009901527,0.0016120235,0.0011544127209470137,0.013,0.008,0.004951317775927195,186.0,126,6,0,,0.30119421191220214,0.023022970490659322,0
1478,0.0030191692,0.013392283,0.0011159115518861347,0.001,0.006,0.004905472681512105,187.0,1495,17,0,,0.03337326996032608,0.0069078688791316695,0
979,0.0012221035,0.005966154,0.001214028874743857,0.004,0.012,0.0048804572573595,188.0,995,16,0,,0.04076220397836621,0.0073261894960614735,0
1442,0.0039467807,0.0065000746,0.001702853168525886,0.01,0.002,0.004829941700245657,189.0,1436,6,0,,0.30119421191220214,0.022901594414977786,0
1477,0.0013377195,0.0029694652,0.0006602431900118589,0.011,0.008,0.004793485581525958,190.0,1495,18,0,,0.02732372244729256,0.006432908928363511,0
1232,0.0056496556,0.0044010365,0.0017203028578987498,0.008,0.004,0.004754198997555788,191.0,1182,50,0,,4.5399929762484854e-05,0.004756922993341538,0
1592,0.003881559,0.0074639455,0.0012933987422503713,0.007,0.004,0.0047277806585027315,192.0,1499,93,0,,8.358390101374608e-09,0.004727781160006138,0
15,0.0016171171,0.0025357492,0.0010565650358839505,0.01,0.008,0.004641886269823585,193.0,69,54,0,,2.0399503411171922e-05,0.004643110240028255,0
457,0.0053222324,0.01223263,0.0007024121974890944,0.0,0.004,0.0044514548313118124,194.0,453,4,0,,0.44932896411722156,0.03141119267834511,0
751,0.00091883424,0.0035170822,0.0007519172821875205,0.01,0.007,0.004437566742687141,195.0,758,7,0,,0.2465969639416065,0.01923338457918353,0
1611,0.003929188,0.008488349,0.0007481781325932822,0.003,0.006,0.0044331429654299506,196.0,1499,112,0,,1.8698363804268472e-10,0.0044331429766489685,0
1266,0.0035271603,0.0064937,0.0021074971766399738,0.007,0.003,0.004425671529494273,197.0,1182,84,0,,5.05653134833552e-08,0.004425674563413082,0
1425,0.0024952653,0.008253882,0.0006754313911793532,0.009,0.001,0.004284915686389762,198.0,1436,11,0,,0.11080315836233387,0.010933105188129795,0
666,0.0027178118,0.012740437,0.0004916558688060321,0.003,0.002,0.004189980931459385,199.0,655,11,0,,0.11080315836233387,0.010838170433199417,0
1347,0.0025089371,0.0045199897,0.0004314409284013881,0.008,0.005,0.004092073558161028,200.0,1436,89,0,,1.860193926691551e-08,0.004092074674277383,0
1233,0.0055380734,0.0029447062,0.0018308178702986055,0.005,0.005,0.004062719495867607,201.0,1182,51,0,,3.7170318684126734e-05,0.004064949714988654,0
1287,0.0017128574,0.0034278685,0.0008861399693542768,0.003,0.011,0.004005373168366732,202.0,1182,105,0,,7.582560427911907e-10,0.004005373213862094,0
748,0.0009596523,0.0011001942,0.0009123051411112484,0.009,0.008,0.0039944303234594625,203.0,758,10,0,,0.1353352832366127,0.012114547317656224,0
496,0.0027715678,0.005910965,0.000537050297710112,0.006,0.004,0.0038439166464364154,204.0,518,22,0,,0.012277339903068436,0.0045805570406205216,0
1298,0.0009916074,0.0018518796,0.0011057522762789648,0.003,0.012,0.0037898478705480562,205.0,1182,116,0,,8.401716438858898e-11,0.003789847875589086,0
488,0.0014907867,0.0031016602,0.00022618911216087793,0.011,0.003,0.003763727191064611,206.0,473,15,0,,0.049787068367863944,0.006750951293136447,0
1049,0.0012276471,0.0020306818,0.0010074565171119918,0.009,0.005,0.0036531570803904007,207.0,1080,31,0,,0.002029430636295734,0.0037749229185681447,0
599,0.00172417,0.0046641952,0.001812231932657042,0.004,0.006,0.0036401194447432117,208.0,588,11,0,,0.11080315836233387,0.010288308946483244,0
682,0.0024740796,0.0035670043,0.002157619216824918,0.002,0.008,0.003639740633474857,209.0,686,4,0,,0.44932896411722156,0.03059947848050815,0
648,0.0021562797,0.006510808,0.0012276491717572774,0.006,0.002,0.0035789474105303643,210.0,650,2,0,,0.6703200460356393,0.04379815017266872,0
1482,0.00251732,0.006764658,0.0005621923053479912,0.007,0.001,0.0035688340167297273,211.0,1495,13,0,,0.07427357821433388,0.008025248709589759,0
1418,0.00031577027,0.00069176726,0.0004223388722395155,0.006,0.01,0.003485975280874327,212.0,1436,18,0,,0.02732372244729256,0.0051253986277118805,0
747,0.0038700346,0.0038759084,0.001118696979208716,0.002,0.006,0.003372928002282764,213.0,758,11,0,,0.11080315836233387,0.010021117504022795,0
1489,0.002749087,0.0034338618,0.0010597330895728784,0.005,0.004,0.0032485363830907525,214.0,1495,6,0,,0.30119421191220214,0.02132018909782288,0
1206,0.0009769794,0.0030672492,0.0006751836942902336,0.005,0.006,0.0031438824553866413,215.0,1182,24,0,,0.00822974704902003,0.0036376672783278432,0
639,0.0038146642,0.0060153226,0.001648284122549226,0.0,0.004,0.0030956541926071505,216.0,641,2,0,,0.6703200460356393,0.043314856954745504,0
411,0.0030496179,0.0023237905,0.001417579018334092,0.006,0.002,0.002958197467552531,217.0,377,34,0,,0.0011137751478448032,0.003025023976423219,0
1092,0.0017043938,0.0029974752,0.0005061342896930242,0.005,0.003,0.0026416006539769347,218.0,1083,9,0,,0.16529888822158653,0.012559533947272127,0
1591,0.00295468,0.004001428,0.0004482585606869153,0.005,0.0,0.0024808732950269397,219.0,1499,92,0,,1.0208960723597638e-08,0.002480873907564583,0
1330,0.0013930306,0.002360194,0.0005471388877161856,0.005,0.003,0.0024600727016623517,220.0,1436,106,0,,6.208075409403624e-10,0.0024600727389108043,0
1643,0.0013814218,0.0026496614,0.0013381118100533058,0.004,0.002,0.0022738390014772447,221.0,1499,144,0,,3.1068402375434455e-13,0.0022738390014958856,0
614,0.0023357193,0.0025135693,0.00042465921164737023,0.0,0.006,0.0022547895648503025,222.0,624,10,0,,0.1353352832366127,0.010374906559047064,0
538,0.0015933197,0.0027719145,0.0004355604094498589,0.001,0.005,0.0021601589159117784,223.0,541,3,0,,0.5488116360940265,0.03508885708155337,0
1223,0.0014579603,0.0028689585,0.0004223289498701541,0.003,0.003,0.0021498495621535153,224.0,1182,41,0,,0.00027465356997214254,0.002166328776351844,0
838,0.0016041382,0.0012199251,0.0008099284189462338,0.0,0.007,0.0021267983430752094,225.0,837,1,0,,0.8187307530779818,0.05125064352775412,0
210,0.00090133207,0.0009731738,0.0007418582201792485,0.008,0.0,0.0021232728223287796,226.0,258,48,0,,6.77287364908539e-05,0.002127336546518231,0
1407,0.0007645881,0.00070364244,0.0004744796222527447,0.003,0.005,0.001988542037000599,227.0,1436,29,0,,0.0030275547453758153,0.002170195321723148,0
211,0.001389665,0.0019505008,0.0005856719453808186,0.006,0.0,0.0019851675316502953,228.0,258,47,0,,8.272406555663223e-05,0.0019901309755836934,0
410,0.0022635583,0.0071983836,0.0003804182030490015,0.0,0.0,0.0019684720198110935,229.0,377,33,0,,0.0013603680375478939,0.0020500941020639672,0
625,0.00040153635,0.00092966965,0.0004194325632503074,0.002,0.006,0.0019501277133839915,230.0,624,1,0,,0.8187307530779818,0.051073972898062904,0
196,0.0021881766,0.0029863818,0.0003744548569450409,0.001,0.003,0.0019098026467676884,231.0,258,62,0,,4.118588707535708e-06,0.0019100497620901406,0
1562,0.00068272086,0.0009475562,0.0005513777979172991,0.004,0.003,0.0018363309759551333,232.0,1499,63,0,,3.3720152341391845e-06,0.0018365332968691816,0
1511,0.0018163647,0.0037541797,0.0005589801938961193,0.001,0.002,0.0018259049178983816,233.0,1499,12,0,,0.09071795328941251,0.007268982115263133,0
1082,0.00092483714,0.0016287249,0.0005090883848301553,0.003,0.003,0.0018125300756478206,234.0,1083,1,0,,0.8187307530779818,0.05093637526032673,0
683,0.0006479489,0.0011231788,0.0002906057999077908,0.007,0.0,0.0018123466860797202,235.0,686,3,0,,0.5488116360940265,0.03474104485172131,0
1344,0.0016051121,0.003604586,0.000645902379574489,0.001,0.002,0.0017711200977061415,236.0,1436,92,0,,1.0208960723597638e-08,0.001771120710243785,0
1565,0.0007145212,0.00060078513,0.0003806346462582851,0.007,0.0,0.0017391881989037555,237.0,1499,66,0,,1.8506011975819082e-06,0.0017392992349756103,0
1133,0.00048249983,0.000620297,0.0005117527053563838,0.004,0.003,0.0017229099038590303,238.0,1153,20,0,,0.01831563888873418,0.002821848237183081,0
1647,0.001285478,0.0026809142,0.0015538197977058457,0.0,0.003,0.0017040424096874869,239.0,1499,148,0,,1.3959933056130979e-13,0.0017040424096958628,0
1129,0.0005585675,0.0002633026,0.0006971478945701649,0.002,0.005,0.0017038036011929678,240.0,1110,19,0,,0.0223707718561656,0.003046049912562904,0
1481,0.001121263,0.0018207402,0.0004289359909274222,0.003,0.002,0.0016741878368477631,241.0,1495,14,0,,0.06081006262521797,0.005322791594360841,0
1589,0.00090734434,0.0039571305,0.00040196397865533453,0.002,0.001,0.0016532877590737633,242.0,1499,90,0,,1.522997974471263e-08,0.001653288672872548,0
1242,0.001251281,0.0035610585,0.00026346494895236437,0.003,0.0,0.001615160900512371,243.0,1182,60,0,,6.14421235332821e-06,0.0016155295532535709,0
1651,0.0022602805,0.0044450043,0.0013481504535670231,0.0,0.0,0.0016106870541422597,244.0,1499,152,0,,6.27260225925711e-14,0.0016106870541460231,0
1337,0.0010439736,0.0015371611,0.0004544596540824975,0.003,0.002,0.0016071188650855703,245.0,1436,99,0,,2.517498719438278e-09,0.0016071190161354935,0
1594,0.00077259936,0.003916057,0.00022167445593469686,0.002,0.001,0.0015820661292689907,246.0,1499,95,0,,5.602796437537268e-09,0.001582066465436777,0
437,0.00061819237,0.00071564113,0.0005274657847108517,0.005,0.001,0.0015722598564388269,247.0,453,16,0,,0.04076220397836621,0.0040179920951407995,0
1202,0.00086325203,0.0016055194,0.000332256452844224,0.004,0.001,0.0015602055857354266,248.0,1182,20,0,,0.01831563888873418,0.002659143919059477,0
41,0.0007788724,0.0024502245,0.0005416063619663896,0.001,0.003,0.0015541406486160674,249.0,69,28,0,,0.003697863716482932,0.0017760124716050432,0
684,0.0005876054,0.0029651597,0.00015850355282428957,0.003,0.001,0.0015422537345290246,250.0,686,2,0,,0.6703200460356393,0.041761456496667376,0
170,0.0006735486,0.0014172697,0.000599008006824274,0.002,0.003,0.0015379652627442219,251.0,126,44,0,,0.0001507330750954765,0.0015470092472499503,0
1386,0.00043155087,0.0006727111,0.0005648788994133395,0.001,0.005,0.001533828177497758,252.0,1436,50,0,,4.5399929762484854e-05,0.001536552173283507,0
692,0.00096405426,0.003149581,0.0004586000898072338,0.003,0.0,0.0015144470508985561,253.0,688,4,0,,0.44932896411722156,0.028474184897931847,0
1666,0.0017217629,0.004563423,0.0010833967562009796,0.0,0.0,0.0014737165130896351,254.0,1499,167,0,,3.122944775260516e-15,0.0014737165130898225,0
1593,0.0006285438,0.0014234878,0.00025325667553367326,0.0,0.005,0.001461057649874632,255.0,1499,94,0,,6.843271022217988e-09,0.0014610580604708934,0
1124,0.0013710232,0.0040926966,0.0007311266542096384,0.0,0.001,0.0014389692975703766,256.0,1110,14,0,,0.06081006262521797,0.005087573055083455,0
2,0.0003641291,0.0006627205,0.00016492767946000425,0.002,0.004,0.0014383554524037005,257.0,69,67,0,,1.515144112143249e-06,0.001438446361050429,0
216,0.0012238305,0.0025655387,0.0003760384552322059,0.003,0.0,0.0014330815409897214,258.0,258,42,0,,0.0002248673241788482,0.0014465735804404523,0
419,0.00028114274,0.0002989518,0.0004785579532438333,0.002,0.004,0.0014117305008425826,259.0,453,34,0,,0.0011137751478448032,0.001478557009713271,0
1513,0.002053641,0.0035670467,0.00042114822305980727,0.0,0.001,0.0014083671914790936,260.0,1499,14,0,,0.06081006262521797,0.005056970948992172,0
1429,0.0008043879,0.0018967314,0.00022170560331188582,0.004,0.0,0.0013845649896918096,261.0,1436,7,0,,0.2465969639416065,0.016180382826188198,0
1426,0.0006601555,0.0014027328,0.0007911574177533586,0.002,0.002,0.0013708091419766884,262.0,1436,10,0,,0.1353352832366127,0.00949092613617345,0
1321,0.0014503918,0.0017538796,0.0005791877541872706,0.002,0.001,0.001356691836867389,263.0,1436,115,0,,1.026187963170189e-10,0.0013566918430245167,0
600,0.0011312308,0.0030681053,0.00031140605057430757,0.001,0.001,0.0013021484434135805,264.0,588,12,0,,0.09071795328941251,0.006745225640778331,0
1392,5.0566443e-05,4.233683e-05,0.00014309847401610282,0.004,0.002,0.0012472003492355192,265.0,1436,44,0,,0.0001507330750954765,0.0012562443337412476,0
1607,0.0003602949,0.0001838659,0.0006627159326148931,0.0,0.005,0.0012413753423429611,266.0,1499,108,0,,4.161397394224149e-10,0.0012413753673113455,0
1334,0.00040885556,0.00059634895,0.00017111688364772183,0.002,0.003,0.0012352642789045536,267.0,1436,102,0,,1.3816325910795407e-09,0.001235264361802509,0
1650,0.0005151964,0.00090982846,0.0006301823836408524,0.001,0.003,0.001211041452468037,268.0,1499,151,0,,7.661373700298343e-14,0.0012110414524726337,0
705,0.00033607538,0.0004299978,0.00023549614540328012,0.002,0.003,0.0012003138648737758,269.0,708,3,0,,0.5488116360940265,0.03412901203051537,0
1548,0.0005377741,0.00085636764,0.00045325309752089965,0.004,0.0,0.0011694789707969392,270.0,1499,49,0,,5.5451599432176945e-05,0.0011728060667628697,0
100,0.00073342817,0.0014487897,0.0006110746197134512,0.002,0.001,0.0011586585033258848,271.0,87,13,0,,0.07427357821433388,0.005615073196185916,0
1118,0.0006794381,0.0022136685,0.0008193365896385286,0.0,0.002,0.0011424886504613633,272.0,1110,8,0,,0.20189651799465538,0.013256279730140687,0
235,0.0004611355,0.0017533354,0.00046962091894550055,0.002,0.001,0.0011368183536170232,273.0,258,23,0,,0.010051835744633586,0.0017399284982950384,0
329,0.00050290994,0.0017772312,0.0002241957368991087,0.001,0.002,0.001100867381127751,274.0,357,28,0,,0.003697863716482932,0.0013227392041167269,0
309,0.0005252533,0.0011506677,0.00040294373674233365,0.0,0.003,0.0010157729410303924,275.0,296,13,0,,0.07427357821433388,0.005472187633890424,0
252,0.00060314056,0.0010290404,0.00044174577488188674,0.001,0.002,0.0010147853542242144,276.0,258,6,0,,0.30119421191220214,0.01908643806895634,0
104,0.0004701546,0.0011430711,0.0003276016622032357,0.001,0.002,0.0009881654725539563,277.0,87,17,0,,0.03337326996032608,0.002990561670173521,0
1371,0.00047394127,0.00054945826,0.0008054468362667033,0.001,0.002,0.0009657692726902737,278.0,1436,65,0,,2.2603294069810542e-06,0.0009659048924546926,0
1676,0.0016026351,0.0024435332,0.0007808834548881998,0.0,0.0,0.0009654103499246904,279.0,1499,177,0,,4.2264461569218167e-16,0.0009654103499247158,0
1616,0.00034388996,0.0011738854,0.0002351955362095446,0.0,0.003,0.0009505941834852648,280.0,1499,117,0,,6.87874362713461e-11,0.000950594187612511,0
131,0.00023229979,0.00017324754,0.0003031535951414666,0.002,0.002,0.0009417401841281644,281.0,126,5,0,,0.36787944117144233,0.023014506654414704,0
1460,0.00020211999,0.00026182184,0.0001299476520370089,0.001,0.003,0.0009187778970082729,282.0,1436,24,0,,0.00822974704902003,0.0014125627199494746,0
1362,0.0010263358,0.0010198298,0.00046185783442175997,0.0,0.002,0.0009016046713219417,283.0,1436,74,0,,3.73629937988526e-07,0.0009016270891182211,0
1570,0.00038639997,0.00047068487,0.0006416877099451475,0.002,0.001,0.0008997545107947448,284.0,1499,71,0,,6.807981343976342e-07,0.0008997953586828087,0
1453,0.00036847475,0.00071892637,0.0003912780472301768,0.002,0.001,0.0008957358335375951,285.0,1436,17,0,,0.03337326996032608,0.00289813203115716,0
1557,8.949421e-05,0.0001904293,0.00017670550776590133,0.002,0.002,0.0008913258046204048,286.0,1499,58,0,,9.166087736247617e-06,0.0008918757698845797,0
1630,0.00013390931,8.5809785e-05,0.00014689391330094802,0.004,0.0,0.0008733226024247255,287.0,1499,131,0,,4.182968307488743e-12,0.0008733226026757036,0
226,3.6101734e-05,2.4798846e-05,0.0001669096823113849,0.0,0.004,0.0008455620524898706,288.0,258,32,0,,0.001661557273173934,0.0009452554888803067,0
704,0.0003402016,0.0005186934,0.0003341464725003008,0.001,0.002,0.000838608297494359,289.0,708,4,0,,0.44932896411722156,0.027798346144527652,0
107,0.000504423,0.0014697165,0.00020555974211547022,0.002,0.0,0.0008359398558624154,290.0,126,19,0,,0.0223707718561656,0.0021781861672323516,0
1547,0.0006085235,0.0009855931,0.0005785501250135604,0.0,0.002,0.0008345333374119343,291.0,1499,48,0,,6.77287364908539e-05,0.0008385970616013855,0
1377,0.0013918398,0.0013043551,0.00033540210028729295,0.0,0.001,0.0008063194038227031,292.0,1436,59,0,,7.504557915076858e-06,0.0008067696772976078,0
893,0.00055753376,0.0009921277,0.000192647237884303,0.002,0.0,0.0007484617376875977,293.0,913,20,0,,0.01831563888873418,0.0018474000710116483,0
1556,0.00016848126,0.00023125384,0.0002725763122741803,0.002,0.001,0.0007344622827312857,294.0,1499,57,0,,1.119548484259094e-05,0.0007351340118218412,0
551,0.00020626881,0.00021451311,0.00022669280071716764,0.0,0.003,0.0007294949459991828,295.0,550,1,0,,0.8187307530779818,0.049853340130678096,0
406,0.00056315603,0.00065619615,0.0004061861885521827,0.001,0.001,0.0007251076743900085,296.0,377,29,0,,0.0030275547453758153,0.0009067609591125573,0
1598,0.0004030197,0.0020555642,0.00014443539036358303,0.0,0.001,0.0007206038548143852,297.0,1499,99,0,,2.517498719438278e-09,0.0007206040058643084,0
1468,0.00048325953,0.00066727947,0.0002445420013667084,0.002,0.0,0.000679016200144235,298.0,1495,27,0,,0.004516580942612666,0.000950011056700995,0
1561,0.00083024474,0.0012255996,0.0003368782650784595,0.001,0.0,0.0006785445114246199,299.0,1499,62,0,,4.118588707535708e-06,0.000678791626747072,0
1617,0.00037632653,0.00053849403,0.0004477356106608042,0.001,0.001,0.0006725112335776325,300.0,1499,118,0,,5.631838950074272e-11,0.0006725112369567359,0
1336,0.001187047,0.0017618,0.00032705007383678587,0.0,0.0,0.0006551794182175481,301.0,1436,100,0,,2.061153622438558e-09,0.0006551795418867655,0
1688,0.0006007794,0.0011993593,0.00037261050854828985,0.001,0.0,0.0006345498489383997,302.0,1499,189,0,,3.834145450438509e-17,0.000634549848938402,0
1450,0.00085246837,0.0015273971,0.0007105358678776368,0.0,0.0,0.0006180802623354563,303.0,1436,14,0,,0.06081006262521797,0.004266684019848534,0
1227,0.00025914417,0.00031983355,0.0004908335830221282,0.0,0.002,0.0006139622607202522,304.0,1182,45,0,,0.00012340980408667956,0.0006213668489654529,0
1209,0.00034286876,0.00026397823,0.000353855581957681,0.0,0.002,0.0005921405155218806,305.0,1182,27,0,,0.004516580942612666,0.0008631353720786406,0
420,0.00030662143,0.00040564977,0.0002320088492988296,0.001,0.001,0.000588856009399568,306.0,453,33,0,,0.0013603680375478939,0.0006704780916524417,0
1380,0.00034423894,0.00039222513,0.0001845063221103468,0.002,0.0,0.0005841940798037304,307.0,1436,56,0,,1.3674196065680964e-05,0.0005850145315676712,0
515,0.00014437531,0.0005641556,0.00011617843268017589,0.002,0.0,0.0005649418645008417,308.0,518,3,0,,0.5488116360940265,0.03349364003014243,0
474,0.00027665755,0.00097162795,0.0003962977975424233,0.0,0.001,0.000528916658410874,309.0,473,1,0,,0.8187307530779818,0.04965276184308978,0
555,0.00043078695,0.0006330588,0.0004466421749135313,0.001,0.0,0.0005020975812928718,310.0,550,5,0,,0.36787944117144233,0.02257486405157941,0
1534,9.0508816e-05,0.00029756498,6.764787902365676e-05,0.002,0.0,0.0004911443358892747,311.0,1499,35,0,,0.0009118819655545162,0.0005458572538225457,0
1537,0.000107319676,0.00010403768,0.00023287041459532442,0.0,0.002,0.0004888455543850027,312.0,1499,38,0,,0.0005004514334406108,0.0005188726403914393,0
1560,0.0009585749,0.0010834665,0.00030050475124955193,0.0,0.0,0.00046850921720775963,313.0,1499,61,0,,5.030455607111448e-06,0.00046881104454418634,0
1582,0.00034902644,0.00083912443,0.00013095072772220282,0.001,0.0,0.0004638203193412284,314.0,1499,83,0,,6.176061335580363e-08,0.0004638240249780298,0
1238,0.00036576015,0.0005281606,0.00018298454462459783,0.001,0.0,0.00041538105839100203,315.0,1182,56,0,,1.3674196065680964e-05,0.0004162015101549429,0
265,0.00026892324,0.0005488351,0.0002575735606471644,0.0,0.001,0.0004150663765749822,316.0,258,7,0,,0.2465969639416065,0.01521088421307137,0
1471,0.00037083973,0.0003745086,0.00022934502107357083,0.001,0.0,0.00039493867247418577,317.0,1495,24,0,,0.00822974704902003,0.0008887234954153875,0
1463,0.0002419307,0.0004102304,0.0002752763126897425,0.001,0.0,0.000385487480967581,318.0,1436,27,0,,0.004516580942612666,0.000656482337524341,0
1583,0.00012600956,0.00055586046,0.0002004261185513294,0.0,0.001,0.0003764592277790503,319.0,1499,84,0,,5.05653134833552e-08,0.0003764622616978593,0
1542,0.0006444836,0.0008258723,0.0003941000003339591,0.0,0.0,0.0003728911798814285,320.0,1499,43,0,,0.0001841057936675792,0.0003839375275014833,0
38,0.00018763669,0.00047157722,0.00019060255996385255,0.0,0.001,0.0003699632941316173,321.0,69,31,0,,0.002029430636295734,0.0004917291323093614,0
398,0.00015643203,0.0002991619,0.00018960320288701136,0.0,0.001,0.00032903942810914323,322.0,377,21,0,,0.014995576820477703,0.0012287740373378053,0
675,0.00020052103,0.00024335628,0.00018860152808349576,0.001,0.0,0.0003264957662250027,323.0,686,11,0,,0.11080315836233387,0.006974685267965035,0
601,0.00014996176,0.0001900578,0.00016560462352417256,0.001,0.0,0.000301124838907398,324.0,588,13,0,,0.07427357821433388,0.00475753953176743,0
593,8.588051e-05,7.3736184e-05,0.0003332460754661967,0.001,0.0,0.0002985725533402368,325.0,588,5,0,,0.36787944117144233,0.022371339023626775,0
1452,0.00059311686,0.00054013176,0.00029722203945281594,0.0,0.0,0.0002860941313719501,326.0,1436,16,0,,0.04076220397836621,0.0027318263700739226,0
199,0.00021084686,0.00090499246,0.00026948778160111885,0.0,0.0,0.00027706541976185495,327.0,258,59,0,,7.504557915076858e-06,0.00027751569323675954,0
602,0.0003462848,0.0006687638,0.00024273309079856267,0.0,0.0,0.000251556342078225,328.0,588,14,0,,0.06081006262521797,0.0039001600995913033,0
1627,0.00029046394,0.0005482576,0.00036837944360644206,0.0,0.0,0.0002414201985955399,329.0,1499,128,0,,7.62186519451289e-12,0.00024142019905285181,0
1568,0.00033793063,0.00054626685,0.0002857970179784379,0.0,0.0,0.0002339988991390781,330.0,1499,69,0,,1.0156314710024903e-06,0.00023405983702733826,0
1663,0.00032834065,0.00042239128,0.00032792864444342707,0.0,0.0,0.00021573211663896831,331.0,1499,164,0,,5.690376387583507e-15,0.00021573211663930973,0
1203,0.0004532566,0.00036080633,0.0002344121962852741,0.0,0.0,0.0002096950235696875,332.0,1182,21,0,,0.014995576820477703,0.0011094296327983496,0
1567,0.00018323882,0.00042169527,0.000285326924413615,0.0,0.0,0.00017805220252018145,333.0,1499,68,0,,1.2404950799567134e-06,0.00017812663222497885,0
1328,0.00030580137,0.00039208386,0.0001594640786892964,0.0,0.0,0.00017146986224024084,334.0,1436,108,0,,4.161397394224149e-10,0.00017146988720862522,0
1597,0.00012387322,0.00036853764,9.705900250033268e-05,0.0,0.0,0.00011789397355268295,335.0,1499,98,0,,3.074879879586606e-09,0.00011789415804547572,0
307,0.00020613609,0.00012763972,0.00017459506812817968,0.0,0.0,0.00010167417559555841,336.0,296,11,0,,0.11080315836233387,0.0067498636773355904,0
1401,0.00013509773,0.00010431574,0.00024100862892666226,0.0,0.0,9.608441867371155e-05,337.0,1436,35,0,,0.0009118819655545162,0.00015079733660698253,0
425,0.0001227641,0.00012276294,0.0001393666744295117,0.0,0.0,7.697874372019583e-05,338.0,453,28,0,,0.003697863716482932,0.00029885056670917175,0
351,8.6497006e-05,0.00014729772,0.00012869126031483596,0.0,0.0,7.249719658090003e-05,339.0,357,6,0,,0.30119421191220214,0.018144149911313027,0
